"Kaufdatum";"SKU";"Einheit";"St. Frei Betrag";"Einkauf Bemerkung";"Verkaufsdatum";"Verkaufsbetrag";"Verkauf Bemerkung";"Zu besteuernder Betrag";"Rechnung Nr."
"09.03.2026";"AK000063";"1g";"120,90";"X2";"";"";"";"";""
"09.03.2026";"AK000062";"0,5g";"250,19";"X1 enthält 19,99 Euro Versandkosten";"";"";"";"";""
"09.03.2026";"AK000061";"1g";"87,10";"welt";"";"";"";"";""
"09.03.2026";"AK000060";"1g";"100,50";"xxx";"";"";"";"";""
"09.03.2026";"AK000059";"";"12876,90";"DDD";"";"";"";"";""
"09.03.2026";"AK000058";"0,5g";"120,00";"BBB";"";"";"";"";""
"09.03.2026";"AK000057";"1g";"78,90";"AAA";"";"";"";"";""
"09.03.2026";"AK000056";"";"12362,23";"Uhr Bemerkung 1";"";"";"";"";""
"09.03.2026";"AK000055";"2g";"67,90";"Bemerkung2";"";"";"";"";""
"09.03.2026";"AK000054";"1g";"128,90";"";"";"";"";"";""
"01.03.2026";"AK000053";"";"12343,00";"";"";"";"";"";""
"01.03.2026";"AK000052";"";"182,00";"";"";"";"";"";""
"01.03.2026";"TG012062";"";"8877,00";"";"";"";"";"";""
"13.08.2019";"TG000007";"";"2000,00";"";"";"";"";"";""
"19.08.2021";"TG000862";"";"1600,00";"";"";"";"";"";""
"22.12.2021";"TG000002";"";"775,00";"";"";"";"";"";""
"14.02.2022";"TG000031";"";"122,00";"";"05.06.2025";"135,00";"";"13,00";"13872"
"04.03.2022";"TG000043";"";"125,00";"";"05.05.2025";"130,00";"";"5,00";"13409"
"09.05.2022";"TG000801";"";"73,99";"";"02.12.2025";"332,81";"";"258,82";"17524"
"04.12.2022";"TG002474";"";"351,00";"";"";"";"";"";""
"15.12.2022";"TG002460";"";"257,69";"";"";"";"";"";""
"18.12.2022";"TG002471";"";"141,00";"";"31.07.2025";"390,00";"";"249,00";"14694"
"15.03.2023";"TG011672";"";"234,33";"";"16.06.2025";"421,00";"Retoure";"186,67";"14034"
"18.03.2023";"TG011567";"";"45,00";"";"02.06.2025";"65,00";"";"20,00";"13831"
"26.03.2023";"TG011653";"";"93,00";"";"";"";"";"";""
"15.05.2023";"TG011672";"";"234,33";"";"21.12.2025";"346,50";"";"112,17";"18190"
"22.05.2023";"TG011572";"";"25,50";"";"15.10.2025";"49,00";"";"23,50";"15744"
"23.05.2023";"TG011573";"";"89,00";"";"16.05.2025";"138,00";"";"49,00";"13570"
"27.05.2023";"TG011556";"";"45,50";"";"07.03.2025";"65,10";"";"19,60";"12704"
"27.05.2023";"TG011555";"";"123,00";"";"";"";"";"";""
"30.05.2023";"TG011779";"";"69,00";"";"14.07.2025";"80,00";"";"11,00";"14465"
"30.05.2023";"TG011774";"";"51,00";"";"27.12.2025";"121,78";"";"70,78";"18277"
"30.05.2023";"TG011754";"";"69,00";"";"";"";"";"";""
"30.05.2023";"TG011719";"";"108,00";"";"15.03.2025";"150,00";"";"42,00";"12798"
"30.05.2023";"TG011627";"";"45,00";"";"";"";"";"";""
"31.05.2023";"TG011772";"";"53,00";"";"28.03.2025";"100,00";"";"47,00";"13016"
"31.05.2023";"TG011692";"";"56,00";"";"";"";"";"";""
"03.06.2023";"TG011782";"";"45,00";"";"28.07.2025";"50,00";"";"5,00";"14612"
"03.06.2023";"TG011749";"";"93,00";"";"26.12.2025";"171,82";"";"78,82";"18320"
"03.06.2023";"TG011713";"";"32,00";"";"25.12.2024";"45,20";"";"13,20";"11210"
"04.06.2023";"TG011793";"";"45,00";"";"";"";"";"";""
"07.06.2023";"TG011776";"";"56,00";"";"04.12.2025";"117,00";"";"61,00";"17636"
"08.06.2023";"TG011806";"";"140,00";"";"12.05.2025";"199,00";"";"59,00";"13529"
"08.06.2023";"TG011787";"";"67,00";"";"";"";"";"";""
"08.06.2023";"TG011729";"";"47,00";"";"13.12.2024";"59,00";"";"12,00";""
"09.06.2023";"TG011718";"";"93,00";"";"02.11.2025";"140,00";"";"47,00";"16438"
"10.06.2023";"TG011703";"";"72,00";"";"";"";"";"";""
"10.06.2023";"TG011700";"";"87,00";"";"19.12.2025";"179,10";"";"92,10";"18129"
"11.06.2023";"TG011704";"";"63,00";"";"28.02.2025";"80,00";"";"17,00";"12683"
"11.06.2023";"TG011693";"";"35,00";"";"";"";"";"";""
"11.06.2023";"TG011676";"";"116,00";"";"27.12.2024";"122,00";"";"6,00";"11302"
"11.06.2023";"TG011673";"";"80,00";"";"13.12.2024";"130,00";"";"50,00";""
"12.06.2023";"TG011775";"";"209,00";"";"";"";"";"";""
"12.06.2023";"TG011771";"";"108,00";"";"";"";"";"";""
"12.06.2023";"TG011767";"";"77,00";"";"11.05.2025";"120,00";"";"43,00";"13512"
"12.06.2023";"TG011751";"";"105,01";"";"25.04.2025";"150,00";"";"44,99";"13358"
"14.06.2023";"TG011780";"";"77,00";"";"";"";"";"";""
"14.06.2023";"TG011752";"";"133,00";"";"08.05.2025";"140,00";"";"7,00";"13482"
"15.06.2023";"TG011815";"";"56,00";"";"10.12.2025";"119,07";"";"63,07";"17847"
"17.06.2023";"TG011822";"";"143,00";"";"31.01.2025";"229,00";"";"86,00";"12320"
"17.06.2023";"TG011819";"";"145,80";"";"06.01.2025";"299,00";"";"153,20";"18364"
"18.06.2023";"TG011817";"";"239,00";"";"14.07.2025";"245,00";"";"6,00";"14465"
"18.06.2023";"TG011816";"";"174,00";"";"05.02.2025";"203,00";"";"29,00";"12138"
"19.06.2023";"TG011811";"";"48,50";"";"01.02.2024";"72,00";"";"23,50";"11363"
"19.06.2023";"TG011808";"";"23,00";"";"";"";"";"";""
"26.06.2023";"TG011826";"";"53,00";"";"30.05.2025";"55,00";"";"2,00";"13821"
"28.06.2023";"TG011839";"";"42,01";"";"";"";"";"";""
"29.06.2023";"TG011837";"";"41,00";"";"28.02.2025";"55,00";"";"14,00";"12685"
"29.06.2023";"TG011836";"";"70,01";"";"16.12.2025";"101,84";"";"31,83";"18067"
"03.07.2023";"TG011852";"";"49,99";"";"";"";"";"";""
"27.07.2023";"TG011876";"";"19,60";"";"23.11.2025";"52,00";"";"32,40";"17127"
"10.08.2023";"TG011856";"";"43,50";"";"30.05.2025";"45,00";"";"1,50";"13822"
"16.08.2023";"TG011899";"";"55,99";"";"30.05.2025";"87,00";"";"31,01";"13824"
"18.08.2023";"TG011877";"";"43,00";"";"";"";"";"";""
"20.08.2023";"TG011865";"";"170,00";"";"";"";"";"";""
"20.08.2023";"TG011864";"";"199,00";"";"02.02.2026";"44,39";"";"-154,61";"18467"
"20.08.2023";"TG011863";"";"149,00";"";"02.09.2025";"160,00";"";"11,00";"15115"
"21.08.2023";"TG011917";"";"58,00";"";"";"";"";"";""
"22.08.2023";"TG011907";"";"41,51";"";"16.12.2025";"84,28";"";"42,77";"18057"
"27.08.2023";"TG011890";"";"117,00";"";"";"";"";"";""
"27.08.2023";"TG011885";"";"57,00";"";"21.12.2024";"105,09";"";"48,99";"11139"
"27.08.2023";"TG011873";"";"99,00";"";"24.07.2025";"95,90";"";"-3,10";"14582"
"28.08.2023";"TG011905";"";"18,50";"";"15.12.2025";"64,12";"";"45,62";"18032"
"14.01.2024";"TG011934";"";"571,00";"";"31.05.2025";"599,99";"";"28,00";"13763"
"15.01.2024";"TG011938";"";"71,00";"";"27.11.2024";"190,00";"";"119,00";""
"15.01.2024";"TG011936";"";"199,00";"";"";"";"";"";""
"16.01.2024";"TG011940";"";"151,00";"";"31.05.2025";"159,00";"";"8,00";"13763"
"17.03.2024";"TG011965";"";"25,01";"";"";"";"";"";""
"17.03.2024";"TG011964";"";"60,01";"";"25.11.2025";"110,00";"";"49,99";"17229"
"18.03.2024";"TG011966";"";"50,01";"";"";"";"";"";""
"18.03.2024";"TG011962";"";"20,01";"";"";"";"";"";""
"18.03.2024";"TG011961";"";"69,00";"";"";"";"";"";""
"21.03.2024";"TG011960";"";"67,00";"";"";"";"";"";""
"24.03.2024";"TG011959";"";"97,09";"";"";"";"";"";""
"14.04.2024";"TG000488";"";"334,00";"";"16.01.2025";"296,00";"";"";"11680"
"16.04.2024";"TG011967";"";"60,00";"";"24.11.2025";"159,84";"";"99,83";"17186"
"25.04.2024";"TG011978";"";"33,50";"";"30.05.2025";"34,00";"";"0,50";"13812"
"04.05.2024";"TG011974";"";"80,01";"";"05.06.2025";"108,00";"";"27,99";"13872"
"05.05.2024";"TG011975";"";"33,50";"";"03.01.2026";"170,10";"";"136,60";"18360"
"22.05.2024";"TG011987";"";"45,50";"";"26.11.2025";"110,00";"";"64,50";"17240"
"22.05.2024";"TG011986";"";"79,00";"";"";"";"";"";""
"22.05.2024";"TG011985";"";"44,50";"";"";"";"";"";""
"22.05.2024";"TG011984";"";"25,48";"";"";"";"";"";""
"23.05.2024";"TG011983";"";"78,77";"";"";"";"";"";""
"09.06.2024";"TG011993";"";"20,70";"";"24.08.2025";"79,00";"";"58,30";"14998"
"22.06.2024";"TG011982";"";"64,00";"";"30.05.2025";"90,00";"";"26,00";"13823"
"21.11.2024";"TG011994";"";"1405,99";"";"04.12.2024";"1600,00";"";"194,01";""
"21.11.2024";"TG011994";"";"1405,99";"";"";"";"";"";""
"23.11.2024";"TG011998";"";"960,00";"";"30.01.2025";"1500,00";"";"540,00";"13071"
"25.11.2024";"TG011999";"";"1161,00";"";"15.07.2025";"1750,00";"";"589,00";"14488"
"03.12.2024";"TG011995";"";"1125,00";"";"";"";"";"";""
"04.12.2024";"TG011997";"";"1400,00";"";"";"";"";"";""
"04.12.2024";"TG011996";"";"1230,00";"";"04.03.2025";"1500,00";"1400€ - 170€ Erstattung";"270,00";"12696"
"17.12.2024";"TG012003";"";"1010,01";"";"15.07.2025";"1300,00";"";"289,99";"14480"
"13.01.2025";"TG012000";"";"800,00";"";"16.06.2025";"1450,00";"";"650,00";"14033"
"18.01.2025";"TG012001";"";"1376,99";"";"17.09.2025";"1550,00";"";"173,01";"15276"
"18.01.2025";"TG012001";"";"1376,99";"";"03.09.2025";"1799,00";"Teilrückerstattung / Retoure 130,00€ Instandsetzungskosten einbehalten.";"422,01";"15132"
"18.01.2025";"TG012001";"";"1376,99";"";"09.06.2025";"1890,50";"Retoure";"513,51";"13912"
"22.01.2025";"TG012002";"";"1750,00";"";"";"";"";"";""
"19.02.2025";"TG012005";"";"1140,19";"";"12.06.2025";"1449,95";"";"309,76";"13971"
"19.02.2025";"TG012005";"";"1140,19";"";"11.06.2025";"1449,95";"";"309,76";""
"19.02.2025";"TG012005";"";"1140,19";"";"23.04.2025";"1550,00";"Retoure";"409,81";"13288"
"19.02.2025";"TG012004";"";"706,00";"";"10.05.2025";"1149,95";"";"443,95";"13497"
"05.05.2025";"TG012006";"";"1538,00";"";"05.05.2025";"1950,00";"";"412,00";"13407"
"14.06.2025";"TG012007";"";"780,09";"ESG 529946 Pos. 3";"18.07.2025";"796,92";"";"16,83";""
"01.07.2025";"TG012009";"";"1000,00";"";"01.07.2025";"";"";"";""
"05.07.2025";"TG012011";"";"210,84";"ESG 529946 Pos. 2";"18.07.2025";"210,89";"";"0,05";""
"05.07.2025";"TG012010";"";"270,78";"ESG 529946 Pos. 1";"18.07.2025";"270,83";"";"0,05";""
"11.07.2025";"TG012008";"";"107,89";"";"11.07.2025";"109,00";"";"1,11";"14418"
"23.07.2025";"TG012012";"";"150,56";"Entnahmeschein Nr. 1 RE: 14581";"23.07.2025";"151,00";"";"0,44";""
"24.07.2025";"TG012013";"";"91,87";"";"24.07.2025";"93,00";"";"1,13";"14599"
"25.07.2025";"TG012014";"";"94,40";"Entnahmeschein Nr. 2 RE: 14610";"25.07.2025";"95,00";"";"0,60";""
"15.09.2025";"TG012016";"";"541,55";"";"15.09.2025";"110,00";"EK RE 2025-5071748";"1,69";"15255"
"15.09.2025";"TG012016";"";"541,55";"";"17.09.2025";"216,82";"EK RE 2025-5071748";"0,20";"15272"
"15.09.2025";"TG012016";"";"541,55";"Entnahmeschein Nr. 3 RE: 15273";"17.09.2025";"232,00";"EK RE 2025-5071748";"15,38";""
"02.10.2025";"TG012017";"";"670,98";"Entnahmeschein Nr. 4 RE: 15466";"02.10.2025";"775,00";"Wiedereingelegt für Rechnung 17661 Handke EK RE 2025-5077416";"104,02";""
"02.10.2025";"TG012017";"";"468,80";"";"02.10.2025";"375,60";"EK RE 2025-5077416";"-93,20";"15463"
"17.10.2025";"TG012018";"";"601,34";"Entnahmeschein Nr. 6 RE: 16009";"22.10.2025";"620,00";"EK RE 2025-5084040";"18,66";""
"17.10.2025";"TG012018";"";"371,76";"Entnahmeschein Nr. 5 RE: 16008";"22.10.2025";"390,00";"EK RE 2025-5084040";"18,24";""
"17.10.2025";"TG012018";"";"247,84";"";"22.10.2025";"260,00";"EK RE 2025-5084040";"12,16";"16007"
"17.10.2025";"TG012018";"";"123,92";"";"22.10.2025";"130,00";"EK RE 2025-5084040";"6,08";"16006"
"17.10.2025";"TG012018";"";"247,84";"";"22.10.2025";"260,00";"EK RE 2025-5084040";"12,16";"16005"
"17.10.2025";"TG012018";"";"123,92";"";"22.10.2025";"140,00";"EK RE 2025-5084040";"16,08";"16004"
"26.10.2025";"TG012019";"";"2319,54";"";"26.10.2025";"2340,00";"EK RE 2025-5089528";"20,46";"16077"
"26.10.2025";"TG012019";"";"1172,07";"Entnahmeschein Nr. 7 RE: 16076";"26.10.2025";"1190,00";"EK RE 2025-5089528";"17,93";""
"29.10.2025";"TG012020";"";"594,83";"";"29.10.2025";"610,00";"EK-RE 2025-5091092";"15,17";"16262"
"30.10.2025";"TG012021";"";"119,66";"";"14.12.2025";"143,90";"EK-RE 2025-5091309";"24,24";"18024"
"30.10.2025";"TG012021";"";"119,66";"";"27.11.2025";"124,00";"EK-RE 2025-5091309";"4,34";"17261"
"30.10.2025";"TG012021";"";"119,66";"";"14.11.2025";"124,00";"EK-RE 2025-5091309";"4,34";"16804"
"30.10.2025";"TG012021";"";"119,66";"";"30.10.2025";"124,00";"EK-RE 2025-5091309";"4,34";"16300"
"30.10.2025";"TG012021";"";"119,66";"";"30.10.2025";"124,00";"EK-RE 2025-5091309";"4,34";"16300"
"08.11.2025";"TG012022";"";"6671,47";"";"07.11.2025";"6850,00";"EK RE 202556376";"178,53";"16569"
"14.11.2025";"TG012023";"";"121,36";"";"14.11.2025";"124,00";"Pos 0040  Porto-Prozentsatz 2,7436%";"2,64";""
"14.11.2025";"TG012023";"";"121,40";"";"15.12.2025";"128,00";"Pos 0040  Porto-Prozentsatz 2,7436%";"6,64";"18036"
"14.11.2025";"TG012023";"";"121,40";"";"14.11.2025";"124,00";"Pos 0040  Porto-Prozentsatz 2,7436%";"2,60";""
"14.11.2025";"TG012023";"";"121,40";"";"14.11.2025";"124,00";"Pos 0040  Porto-Prozentsatz 2,7436%";"2,60";""
"14.11.2025";"TG012023";"";"121,40";"";"14.11.2025";"124,00";"Pos 0040  Porto-Prozentsatz 2,7436%";"2,60";""
"14.11.2025";"TG012023";"";"121,40";"";"14.11.2025";"124,00";"Pos 0040  Porto-Prozentsatz 2,7436%";"2,60";""
"14.11.2025";"TG012023";"";"121,40";"";"14.11.2025";"124,00";"Pos 0040  Porto-Prozentsatz 2,7436%";"2,60";""
"14.11.2025";"TG012023";"";"121,40";"";"14.11.2025";"124,00";"Pos 0040  Porto-Prozentsatz 2,7436%";"2,60";""
"14.11.2025";"TG012023";"";"121,40";"";"14.11.2025";"124,00";"Pos 0040  Porto-Prozentsatz 2,7436%";"2,60";""
"14.11.2025";"TG012023";"";"121,40";"";"14.11.2025";"124,00";"Pos 0040  Porto-Prozentsatz 2,7436%";"2,60";""
"14.11.2025";"TG012023";"";"585,39";"";"13.12.2025";"630,00";"Pos 0030  Porto-Prozentsatz 13,24%";"44,61";"17955"
"14.11.2025";"TG012023";"";"298,22";"";"14.11.2025";"302,00";"Pos 0020  Porto-Prozentsatz 6,744%";"3,78";""
"14.11.2025";"TG012023";"";"1161,74";"";"14.11.2025";"1170,00";"Pos 0010  Porto-Prozentsatz 26,29%";"8,26";""
"14.11.2025";"TG012023";"";"1161,74";"";"14.11.2025";"1170,00";"Pos 0010  Porto-Prozentsatz 26,29%";"8,26";""
"18.11.2025";"TG012024";"";"117,80";"";"22.12.2025";"139,95";"";"22,15";"18213"
"18.11.2025";"TG012024";"";"117,80";"";"20.12.2025";"139,95";"189,90€ - Versandrabatt 49,95€";"22,15";"18175"
"18.11.2025";"TG012024";"";"117,80";"";"20.12.2025";"139,95";"189,90€ - Versandrabatt 49,95€";"22,15";"18174"
"18.11.2025";"TG012024";"";"117,80";"";"20.12.2025";"139,95";"189,90€ - Versandrabatt 49,95€";"22,15";"18173"
"18.11.2025";"TG012024";"";"117,80";"";"20.12.2025";"139,95";"189,90€ - Versandrabatt 49,95€";"22,15";"18172"
"18.11.2025";"TG012024";"";"117,80";"";"20.12.2025";"189,90";"";"72,10";"18169"
"18.11.2025";"TG012024";"";"117,80";"";"19.12.2025";"125,00";"";"7,20";"18131"
"18.11.2025";"TG012024";"";"117,80";"";"19.12.2025";"125,00";"";"7,20";"18131"
"18.11.2025";"TG012024";"";"117,80";"";"19.12.2025";"125,00";"";"7,20";"18131"
"18.11.2025";"TG012024";"";"117,80";"";"19.12.2025";"125,00";"";"7,20";"18131"
"18.11.2025";"TG012024";"";"117,80";"";"17.12.2025";"128,00";"";"10,20";"18079"
"18.11.2025";"TG012024";"";"117,80";"";"17.12.2025";"128,00";"";"10,20";"18079"
"18.11.2025";"TG012024";"";"117,80";"";"17.12.2025";"128,00";"";"10,20";"18078"
"18.11.2025";"TG012024";"";"117,80";"";"17.12.2025";"128,00";"";"10,20";"18078"
"18.11.2025";"TG012024";"";"117,80";"";"17.12.2025";"128,00";"";"10,20";"18078"
"18.11.2025";"TG012024";"";"117,80";"";"15.12.2025";"128,00";"";"10,20";"18036"
"18.11.2025";"TG012024";"";"117,80";"";"18.11.2025";"120,00";"";"2,20";"16932"
"18.11.2025";"TG012024";"";"11293,40";"";"18.11.2025";"11300,00";"";"6,60";"16932"
"04.12.2025";"TG012025";"";"120,00";"";"05.12.2025";"187,00";"";"67,00";"17646"
"12.12.2025";"TG012026";"1oz";"3671,42";"";"24.12.2025";"4118,95";"";"447,53";"18306"
"12.12.2025";"TG012026";"";"3671,42";"";"17.12.2025";"3745,00";"";"73,58";"18080"
"12.12.2025";"TG012026";"10g";"1196,44";"";"23.12.2025";"1269,00";"";"72,56";"18242"
"12.12.2025";"TG012026";"";"1196,44";"";"21.12.2025";"1438,95";"";"242,51";"18168"
"12.12.2025";"TG012026";"";"1197,66";"";"20.12.2025";"1438,95";"";"241,29";"18159"
"12.12.2025";"TG012026";"";"606,30";"";"19.12.2025";"689,00";"";"82,70";"18154"
"12.12.2025";"TG012026";"";"602,20";"";"22.12.2025";"657,50";"";"55,30";"18210"
"12.12.2025";"TG012026";"2,5g";"306,33";"";"05.01.2026";"387,00";"";"80,67";"18363"
"12.12.2025";"TG012026";"2,5g";"306,33";"";"30.12.2025";"349,00";"";"42,67";"18347"
"12.12.2025";"TG012026";"2,5g";"306,33";"";"24.12.2025";"322,00";"";"15,67";"18256"
"12.12.2025";"TG012026";"2,5g";"306,33";"";"23.12.2025";"322,00";"";"15,67";"18220"
"12.12.2025";"TG012026";"";"306,33";"";"17.12.2025";"322,00";"";"15,67";"18077"
"12.12.2025";"TG012026";"";"123,95";"";"18.12.2025";"139,95";"";"16,00";"18121"
"12.12.2025";"TG012026";"";"123,95";"";"18.12.2025";"139,95";"";"16,00";"18121"
"12.12.2025";"TG012026";"";"123,95";"";"18.12.2025";"139,95";"";"16,00";"18121"
"12.12.2025";"TG012026";"";"123,95";"";"18.12.2025";"139,95";"";"16,00";"18121"
"12.12.2025";"TG012026";"";"123,95";"";"18.12.2025";"139,95";"";"16,00";"18121"
"12.12.2025";"TG012026";"";"123,95";"";"18.12.2025";"139,95";"";"16,00";"18121"
"12.12.2025";"TG012026";"";"123,95";"";"18.12.2025";"139,95";"";"16,00";"18121"
"12.12.2025";"TG012026";"";"123,95";"";"18.12.2025";"139,95";"";"16,00";"18121"
"12.12.2025";"TG012026";"";"123,95";"";"18.12.2025";"139,95";"";"16,00";"18121"
"12.12.2025";"TG012026";"";"123,95";"";"18.12.2025";"139,95";"";"16,00";"18121"
"12.12.2025";"TG012026";"";"606,30";"";"06.12.2025";"705,90";"Wiedereinlage Beleg Eins";"99,60";"17661"
"17.12.2025";"TG012027";"1oz";"3707,38";"";"15.01.2026";"4051,00";"";"343,62";"18381"
"17.12.2025";"TG012027";"1oz";"3707,37";"Entnahmeschein 10";"03.01.2025";"3724,00";"Entnahmeschein 10";"16,62";""
"17.12.2025";"TG012027";"10g";"1200,45";"";"29.12.2025";"1300,00";"";"99,55";"18337"
"17.12.2025";"TG012027";"10g";"1200,45";"";"23.12.2025";"1269,00";"";"68,55";"18243"
"17.12.2025";"TG012027";"5g";"605,05";"";"23.12.2025";"659,00";"";"53,95";"18243"
"17.12.2025";"TG012027";"";"605,05";"";"23.12.2025";"738,95";"";"133,90";"18222"
"17.12.2025";"TG012027";"";"605,05";"";"23.12.2025";"689,00";"Versandrabatt";"83,95";"18222"
"17.12.2025";"TG012027";"2g";"247,57";"";"26.01.2026";"315,00";"";"67,43";"18456"
"17.12.2025";"TG012027";"2g";"247,57";"";"15.01.2026";"277,00";"";"29,43";"18384"
"17.12.2025";"TG012027";"2g";"247,57";"";"15.01.2026";"277,00";"";"29,43";"18383"
"17.12.2025";"TG012027";"2g";"247,57";"";"31.12.2025";"320,00";"";"72,43";"18356"
"17.12.2025";"TG012027";"1g";"127,81";"";"27.12.2025";"153,95";"";"26,14";"18270"
"17.12.2025";"TG012027";"1g";"127,81";"";"24.12.2025";"133,00";"";"5,19";"18257"
"17.12.2025";"TG012027";"1/4oz";"935,92";"";"24.01.2026";"1308,90";"Retoure Gesamtporto aus dieser Bestellung verrechnet 99,90Euro";"372,98";"18421"
"17.12.2025";"TG012027";"1/2oz";"1859,81";"";"28.12.2025";"1990,00";"";"130,19";"18321"
"17.12.2025";"TG012027";"";"605,05";"";"22.12.2025";"657,50";"";"52,45";"18210"
"23.12.2025";"TG012028";"5g";"627,66";"";"21.01.2026";"765,00";"";"137,34";"18412"
"23.12.2025";"TG012028";"5g";"627,66";"";"15.01.2026";"673,00";"";"45,34";"18386"
"23.12.2025";"TG012028";"10g";"1240,41";"";"16.01.2026";"1467,00";"";"226,59";"18389"
"23.12.2025";"TG012028";"10g";"1240,41";"Entnahmeschein 11";"15.01.2026";"1319,00";"Entnahmeschein 11";"78,59";""
"23.12.2025";"TG012028";"10g";"1240,41";"";"10.01.2026";"1439,00";"";"198,59";"18376"
"23.12.2025";"TG012028";"10g";"1240,41";"";"10.01.2026";"1439,00";"";"198,59";"18376"
"23.12.2025";"TG012028";"10g";"1240,41";"";"06.01.2026";"1439,00";"";"198,59";"18365"
"23.12.2025";"TG012028";"5g";"627,52";"";"28.12.2025";"645,00";"";"17,48";"18324"
"23.12.2025";"TG012028";"1g";"127,22";"";"15.01.2026";"160,80";"";"33,58";"18388"
"23.12.2025";"TG012028";"1g";"127,22";"";"15.01.2026";"160,80";"";"33,58";"18387"
"23.12.2025";"TG012028";"1g";"127,22";"";"15.01.2026";"138,00";"";"10,78";"18385"
"23.12.2025";"TG012028";"1g";"127,22";"";"10.01.2026";"155,85";"";"28,63";"18377"
"23.12.2025";"TG012028";"1g";"127,22";"";"01.01.2025";"155,85";"";"28,63";"18358"
"23.12.2025";"TG012028";"1g";"126,97";"";"30.12.2025";"155,85";"";"28,88";"18355"
"23.12.2025";"TG012028";"1g";"126,97";"";"31.12.2025";"155,85";"";"28,88";"18354"
"23.12.2025";"TG012028";"";"126,97";"";"29.12.2025";"152,25";"1g Eine Bestellung Portokosten wurden auf alle drei Barren Geteilt";"25,28";"18336"
"23.12.2025";"TG012028";"";"126,97";"";"29.12.2025";"152,25";"1g Eine Bestellung Portokosten wurden auf alle drei Barren Geteilt";"25,28";"18336"
"23.12.2025";"TG012028";"";"126,97";"";"29.12.2025";"152,25";"1g Eine Bestellung Portokosten wurden auf alle drei Barren Geteilt";"25,28";"18336"
"28.12.2025";"TG012029";"2,5g";"323,95";"";"14.02.2026";"372,00";"";"48,05";"18505"
"28.12.2025";"TG012029";"2,5g";"323,95";"";"01.03.2026";"440,29";"";"116,34";"345678"
"28.12.2025";"TG012029";"2,5g";"323,95";"";"";"";"";"";""
"28.12.2025";"TG012029";"2,5g";"323,95";"";"";"";"";"";""
"28.12.2025";"TG012029";"2,5g";"323,95";"";"15.01.2026";"356,00";"";"32,05";"18382"
"28.12.2025";"TG012029";"10g";"1271,80";"";"28.12.2025";"1287,00";"";"15,20";"18325"
"29.12.2025";"TG012030";"1g";"131,50";"";"21.01.2026";"155,85";"2x 1g in einer Bestellung (Portokosten hier berechent 5,90Euro)";"24,35";"18413"
"29.12.2025";"TG012030";"1g";"131,50";"";"21.01.2026";"149,95";"2x 1g in einer Bestellung (Portokosten hier nicht berechent)";"18,45";"18413"
"29.12.2025";"TG012030";"1g";"131,50";"";"19.01.2026";"160,80";"6x 1g in einer Bestellung (Hier Porto Berechnet von 5,90Euro)";"29,30";"18410"
"29.12.2025";"TG012030";"1g";"131,50";"";"19.01.2026";"154,90";"6x 1g in einer Bestellung (Hier kein Porto Berechnet)";"23,40";"18410"
"29.12.2025";"TG012030";"1g";"131,50";"";"19.01.2026";"154,90";"6x 1g in einer Bestellung (Hier kein Porto Berechnet)";"23,40";"18410"
"29.12.2025";"TG012030";"1g";"131,50";"";"19.01.2026";"154,90";"6x 1g in einer Bestellung (Hier kein Porto Berechnet)";"23,40";"18410"
"29.12.2025";"TG012030";"1g";"129,40";"";"19.01.2026";"154,90";"6x 1g in einer Bestellung (Hier kein Porto Berechnet)";"25,50";"18410"
"29.12.2025";"TG012030";"1g";"129,40";"";"19.01.2026";"154,90";"6x 1g in einer Bestellung (Hier kein Porto Berechnet)";"25,50";"18410"
"29.12.2025";"TG012030";"1g";"129,40";"";"20.01.2026";"155,85";"";"26,45";"18411"
"29.12.2025";"TG012030";"1g";"129,40";"";"17.01.2026";"161,80";"5x 1g in einer Bestellung (hier wurden 6,90Euro Portokosten berechnet)";"32,40";"18401"
"29.12.2025";"TG012030";"1g";"129,40";"";"17.01.2026";"154,90";"5x 1g in einer Bestellung (hier keine Portokosten berechnet)";"25,50";"18401"
"29.12.2025";"TG012030";"1g";"129,40";"";"17.01.2026";"154,90";"5x 1g in einer Bestellung (hier keine Portokosten berechnet)";"25,50";"18401"
"29.12.2025";"TG012030";"1g";"129,40";"";"17.01.2026";"154,90";"5x 1g in einer Bestellung (hier keine Portokosten berechnet)";"25,50";"18401"
"29.12.2025";"TG012030";"1g";"129,40";"";"17.01.2026";"154,90";"5x 1g in einer Bestellung (hier keine Portokosten berechnet)";"25,50";"18401"
"29.12.2025";"TG012030";"1g";"129,40";"";"17.01.2026";"160,80";"";"31,40";"18400"
"29.12.2025";"TG012030";"1g";"129,40";"";"16.01.2026";"157,85";"Porto durch zwei geteilt da zwei Artikel in dieser Bestellung";"28,45";"18395"
"29.12.2025";"TG012030";"1g";"129,40";"";"16.01.2026";"157,85";"Porto durch zwei geteilt da zwei Artikel in dieser Bestellung";"28,45";"18395"
"29.12.2025";"TG012030";"1g";"129,40";"";"16.01.2026";"160,80";"";"31,40";"18392"
"29.12.2025";"TG012030";"1g";"129,40";"";"16.01.2026";"160,80";"";"31,40";"18391"
"29.12.2025";"TG012030";"10g";"1221,66";"";"19.01.2026";"1467,00";"";"245,34";"18407"
"29.12.2025";"TG012030";"10g";"1221,66";"";"19.01.2026";"1467,00";"";"245,34";"18406"
"29.12.2025";"TG012030";"10g";"1221,66";"";"16.01.2026";"1451,00";"";"229,34";"18402"
"29.12.2025";"TG012030";"10g";"1221,66";"";"16.01.2026";"1467,00";"";"245,34";"18394"
"29.12.2025";"TG012030";"10g";"1221,66";"";"16.01.2026";"1467,00";"";"245,34";"18394"
"29.12.2025";"TG012030";"10g";"1221,66";"";"16.01.2026";"1467,00";"";"245,34";"18394"
"29.12.2025";"TG012030";"5g";"615,36";"";"27.01.2026";"715,00";"";"99,64";"18439"
"29.12.2025";"TG012030";"5g";"615,36";"";"26.01.2026";"792,00";"";"176,64";"18434"
"29.12.2025";"TG012030";"5g";"615,36";"";"25.01.2026";"794,90";"";"179,54";"18425"
"29.12.2025";"TG012030";"5g";"615,36";"";"25.01.2026";"794,90";"";"179,54";"18426"
"29.12.2025";"TG012030";"";"1893,32";"";"30.12.2025";"2089,00";"1/2oz 0,86€ Porto der Rest der Bestellung 0,66€ Porto inbegriffen";"195,68";"18359"
"15.01.2026";"TG012049";"100g";"13528,95";"eBay tableta-34 auf Bestellung, vom Kunden kauf Abgebrochen (bevor wir selbst beim Händler bestellt haben).";"15.01.2026";"13528,95";"Unbestätigte Adresse";"";"18422"
"16.01.2026";"TG012034";"1g";"136,57";"Aus Retoure mit Rechnungsnummer 18414";"";"";"";"";""
"16.01.2026";"TG012034";"1g";"136,57";"Aus Retoure mit Rechnungsnummer 18414";"";"";"";"";""
"16.01.2026";"TG012034";"1g";"136,57";"Aus Retoure mit Rechnungsnummer 18414";"16.02.2026";"150,00";"";"13,43";"18510"
"16.01.2026";"TG012034";"1g";"136,57";"Aus Retoure mit Rechnungsnummer 18414";"10.02.2026";"155,00";"";"18,43";"18495"
"16.01.2026";"TG012034";"1g";"136,57";"Aus Retoure mit Rechnungsnummer 18414";"10.02.2026";"155,00";"";"18,43";"18495"
"16.01.2026";"TG012034";"1g";"136,57";"Aus Retoure mit Rechnungsnummer 18414";"10.02.2026";"155,00";"";"18,43";"18495"
"16.01.2026";"TG012034";"1g";"136,57";"Aus Retoure mit Rechnungsnummer 18414";"10.02.2026";"155,00";"";"18,43";"18495"
"16.01.2026";"TG012034";"1g";"136,57";"Aus Retoure mit Rechnungsnummer 18414";"10.02.2026";"155,00";"";"18,43";"18495"
"16.01.2026";"TG012034";"1g";"136,57";"Aus Retoure mit Rechnungsnummer 18414";"10.02.2026";"155,00";"";"18,43";"18495"
"16.01.2026";"TG012034";"1g";"136,57";"Aus Retoure mit Rechnungsnummer 18414";"10.02.2026";"155,00";"";"18,43";"18495"
"16.01.2026";"TG012034";"1g";"136,57";"Aus Retoure mit Rechnungsnummer 18414";"10.02.2026";"155,00";"";"18,43";"18495"
"16.01.2026";"TG012034";"1g";"136,57";"Aus Retoure mit Rechnungsnummer 18414";"10.02.2026";"155,00";"";"18,43";"18495"
"16.01.2026";"TG012034";"1g";"136,57";"";"28.01.2026";"151,40";"";"14,83";"18443"
"16.01.2026";"TG012034";"1g";"136,57";"";"28.01.2026";"151,40";"";"14,83";"18443"
"16.01.2026";"TG012034";"1g";"136,57";"";"28.01.2026";"151,40";"";"14,83";"18443"
"16.01.2026";"TG012034";"1g";"136,57";"";"12.01.2026";"160,80";"";"24,23";"18409"
"16.01.2026";"TG012034";"1g";"136,57";"";"19.01.2026";"160,80";"";"24,23";"18408"
"16.01.2026";"TG012034";"1g";"136,57";"";"19.01.2026";"155,85";"";"19,28";"18405"
"16.01.2026";"TG012034";"1g";"136,57";"";"21.01.2026";"160,80";"2x 1g in einer Bestellung (Hier Portokosten berechent 5,90Euro)";"24,23";"18417"
"16.01.2026";"TG012034";"1g";"136,57";"";"21.01.2026";"154,90";"2x 1g in einer Bestellung (Hier keine Portokosten berechent)";"18,33";"18417"
"16.01.2026";"TG012034";"1g";"136,57";"";"21.01.2026";"160,80";"Retoure 12x 1g in einer Bestellung (Hier Porto berechnet 5,90Euro)";"24,23";"18414"
"16.01.2026";"TG012034";"1g";"136,57";"";"21.01.2026";"154,90";"Retoure  12x 1g in einer Bestellung (Hier kein Porto berechnet)";"18,33";"18414"
"16.01.2026";"TG012034";"1g";"136,57";"";"21.01.2026";"154,90";"Retoure  12x 1g in einer Bestellung (Hier kein Porto berechnet)";"18,33";"18414"
"16.01.2026";"TG012034";"1g";"136,57";"";"21.01.2026";"154,90";"Retoure  12x 1g in einer Bestellung (Hier kein Porto berechnet)";"18,33";"18414"
"16.01.2026";"TG012034";"1g";"136,57";"";"21.01.2026";"154,90";"Retoure  12x 1g in einer Bestellung (Hier kein Porto berechnet)";"18,33";"18414"
"16.01.2026";"TG012034";"1g";"136,57";"";"21.01.2026";"154,90";"Retoure  12x 1g in einer Bestellung (Hier kein Porto berechnet)";"18,33";"18414"
"16.01.2026";"TG012034";"1g";"136,57";"";"21.01.2026";"154,90";"Retoure 12x 1g in einer Bestellung (Hier kein Porto berechnet)";"18,33";"18414"
"16.01.2026";"TG012034";"1g";"136,57";"";"21.01.2026";"154,90";"Retoure 12x 1g in einer Bestellung (Hier kein Porto berechnet)";"18,33";"18414"
"16.01.2026";"TG012034";"1g";"136,57";"";"21.01.2026";"154,90";"Retoure 12x 1g in einer Bestellung (Hier kein Porto berechnet)";"18,33";"18414"
"16.01.2026";"TG012034";"1g";"136,57";"";"21.01.2026";"154,90";"Retoure 12x 1g in einer Bestellung (Hier kein Porto berechnet)";"18,33";"18414"
"16.01.2026";"TG012034";"1g";"136,57";"";"21.01.2026";"154,90";"Retoure 12x 1g in einer Bestellung (Hier kein Porto berechnet)";"18,33";"18414"
"16.01.2026";"TG012034";"1g";"136,57";"";"21.01.2026";"154,90";"Retoure 12x 1g in einer Bestellung (Hier kein Porto berechnet)";"18,33";"18414"
"16.01.2026";"TG012033";"2g";"265,54";"";"26.01.2026";"315,00";"";"49,46";"18456"
"16.01.2026";"TG012032";"10g";"1292,10";"";"24.01.2026";"1400,00";"";"107,90";"18420"
"16.01.2026";"TG012032";"10g";"1292,10";"";"26.01.2026";"1567,00";"";"274,90";"18435"
"16.01.2026";"TG012032";"10g";"1292,10";"";"26.01.2026";"1567,00";"";"274,90";"18435"
"16.01.2026";"TG012031";"1/2oz";"2002,58";"";"16.01.2026";"2246,95";"";"244,37";"18393"
"17.01.2026";"TG012027";"1/4oz";"935,92";"Artikel aus Retoure mit Rechnungsnummer 18421";"19.02.2026";"1055,00";"";"119,08";"18521"
"19.01.2026";"TG012037";"1g";"139,43";"";"";"";"";"";""
"19.01.2026";"TG012037";"1g";"139,43";"";"";"";"";"";""
"19.01.2026";"TG012037";"1g";"139,43";"";"";"";"";"";""
"19.01.2026";"TG012037";"1g";"139,43";"";"";"";"";"";""
"19.01.2026";"TG012037";"1g";"139,43";"";"";"";"";"";""
"19.01.2026";"TG012037";"1g";"139,43";"";"";"";"";"";""
"19.01.2026";"TG012037";"1g";"139,43";"";"28.01.2026";"151,40";"";"11,97";"18443"
"19.01.2026";"TG012037";"1g";"139,43";"";"28.01.2026";"151,40";"";"11,97";"18443"
"19.01.2026";"TG012036";"100g";"12973,00";"";"16.01.2026";"13025,00";"";"52,00";"18398"
"19.01.2026";"TG012035";"1oz";"4044,18";"auf Bestellung";"16.01.2026";"4060,00";"";"15,82";"18399"
"21.01.2026";"TG012040";"0,1g";"21,52";"";"01.03.2026";"25,50";"Ein erster Test";"3,98";"556677"
"21.01.2026";"TG012040";"0,1g";"21,52";"";"01.03.2026";"22,22";"Noch ein Test mit 2 Artikeln";"0,70";"776655"
"21.01.2026";"TG012040";"0,1g";"21,52";"";"01.03.2026";"32,20";"WIE GEHTS DENN SO?";"10,68";"88998899"
"21.01.2026";"TG012040";"0,1g";"21,52";"";"01.03.2026";"26,20";"Ein erster Test";"4,68";"0815007"
"21.01.2026";"TG012040";"0,1g";"21,52";"";"03.03.2026";"25,65";"";"4,13";"9876543"
"21.01.2026";"TG012040";"0,1g";"21,52";"";"";"";"";"";""
"21.01.2026";"TG012040";"0,1g";"21,52";"";"";"";"";"";""
"21.01.2026";"TG012040";"0,1g";"21,52";"";"";"";"";"";""
"21.01.2026";"TG012040";"0,1g";"21,52";"";"";"";"";"";""
"21.01.2026";"TG012040";"0,1g";"21,52";"";"";"";"";"";""
"21.01.2026";"TG012040";"0,1g";"21,52";"";"";"";"";"";""
"21.01.2026";"TG012040";"0,1g";"21,52";"";"";"";"";"";""
"21.01.2026";"TG012040";"0,1g";"21,52";"";"";"";"";"";""
"21.01.2026";"TG012040";"0,1g";"21,52";"";"";"";"";"";""
"21.01.2026";"TG012040";"0,1g";"21,52";"";"";"";"";"";""
"21.01.2026";"TG012040";"0,1g";"21,52";"";"";"";"";"";""
"21.01.2026";"TG012040";"0,1g";"21,52";"";"";"";"";"";""
"21.01.2026";"TG012040";"0,1g";"21,52";"";"";"";"";"";""
"21.01.2026";"TG012040";"0,1g";"21,52";"";"";"";"";"";""
"21.01.2026";"TG012040";"0,1g";"21,52";"";"";"";"";"";""
"21.01.2026";"TG012040";"0,1g";"21,52";"";"";"";"";"";""
"21.01.2026";"TG012040";"0,1g";"21,52";"";"";"";"";"";""
"21.01.2026";"TG012040";"0,1g";"21,52";"";"";"";"";"";""
"21.01.2026";"TG012040";"0,1g";"21,52";"";"";"";"";"";""
"21.01.2026";"TG012040";"0,1g";"21,52";"";"";"";"";"";""
"21.01.2026";"TG012040";"0,1g";"21,52";"";"";"";"";"";""
"21.01.2026";"TG012040";"0,1g";"21,52";"";"";"";"";"";""
"21.01.2026";"TG012040";"0,1g";"21,52";"";"";"";"";"";""
"21.01.2026";"TG012040";"0,1g";"21,52";"";"";"";"";"";""
"21.01.2026";"TG012040";"0,1g";"21,52";"";"";"";"";"";""
"21.01.2026";"TG012040";"0,1g";"21,52";"";"";"";"";"";""
"21.01.2026";"TG012040";"0,1g";"21,52";"";"";"";"";"";""
"21.01.2026";"TG012040";"0,1g";"21,52";"";"";"";"";"";""
"21.01.2026";"TG012040";"0,1g";"21,52";"";"";"";"";"";""
"21.01.2026";"TG012040";"0,1g";"21,52";"";"";"";"";"";""
"21.01.2026";"TG012040";"0,1g";"21,52";"";"";"";"";"";""
"21.01.2026";"TG012040";"0,1g";"21,52";"";"";"";"";"";""
"21.01.2026";"TG012040";"0,1g";"21,52";"";"";"";"";"";""
"21.01.2026";"TG012040";"0,1g";"21,52";"";"";"";"";"";""
"21.01.2026";"TG012040";"0,1g";"21,52";"";"";"";"";"";""
"21.01.2026";"TG012040";"0,1g";"21,52";"";"";"";"";"";""
"21.01.2026";"TG012040";"0,1g";"21,52";"";"";"";"";"";""
"21.01.2026";"TG012040";"0,1g";"21,52";"";"";"";"";"";""
"21.01.2026";"TG012040";"0,1g";"21,52";"";"";"";"";"";""
"21.01.2026";"TG012040";"0,1g";"21,52";"";"";"";"";"";""
"21.01.2026";"TG012040";"0,1g";"21,52";"";"";"";"";"";""
"21.01.2026";"TG012040";"0,1g";"21,52";"";"";"";"";"";""
"21.01.2026";"TG012040";"0,1g";"21,52";"";"";"";"";"";""
"21.01.2026";"TG012040";"0,1g";"21,52";"";"";"";"";"";""
"21.01.2026";"TG012040";"0,1g";"21,52";"";"";"";"";"";""
"21.01.2026";"TG012040";"0,1g";"21,52";"";"";"";"";"";""
"21.01.2026";"TG012040";"0,1g";"21,52";"";"";"";"";"";""
"21.01.2026";"TG012040";"0,1g";"21,52";"";"";"";"";"";""
"21.01.2026";"TG012040";"0,1g";"21,52";"";"";"";"";"";""
"21.01.2026";"TG012040";"0,1g";"21,52";"";"";"";"";"";""
"21.01.2026";"TG012040";"0,1g";"21,52";"";"";"";"";"";""
"21.01.2026";"TG012040";"0,1g";"21,52";"";"";"";"";"";""
"21.01.2026";"TG012040";"0,1g";"21,52";"";"";"";"";"";""
"21.01.2026";"TG012040";"0,1g";"21,52";"";"";"";"";"";""
"21.01.2026";"TG012040";"0,1g";"21,52";"";"";"";"";"";""
"21.01.2026";"TG012040";"0,1g";"21,52";"";"";"";"";"";""
"21.01.2026";"TG012040";"0,1g";"21,52";"";"";"";"";"";""
"21.01.2026";"TG012040";"0,1g";"21,52";"";"";"";"";"";""
"21.01.2026";"TG012040";"0,1g";"21,52";"";"";"";"";"";""
"21.01.2026";"TG012040";"0,1g";"21,52";"";"";"";"";"";""
"21.01.2026";"TG012040";"0,1g";"21,52";"";"";"";"";"";""
"21.01.2026";"TG012040";"0,1g";"21,52";"";"";"";"";"";""
"21.01.2026";"TG012040";"0,1g";"21,52";"";"";"";"";"";""
"21.01.2026";"TG012040";"0,1g";"21,52";"";"";"";"";"";""
"21.01.2026";"TG012040";"0,1g";"21,52";"";"";"";"";"";""
"21.01.2026";"TG012040";"0,1g";"21,52";"";"";"";"";"";""
"21.01.2026";"TG012040";"0,1g";"21,52";"";"";"";"";"";""
"21.01.2026";"TG012040";"0,1g";"21,52";"";"";"";"";"";""
"21.01.2026";"TG012040";"0,1g";"21,52";"";"";"";"";"";""
"21.01.2026";"TG012040";"0,1g";"21,52";"";"";"";"";"";""
"21.01.2026";"TG012040";"0,1g";"21,52";"";"";"";"";"";""
"21.01.2026";"TG012040";"0,1g";"21,52";"";"";"";"";"";""
"21.01.2026";"TG012040";"0,1g";"21,52";"";"";"";"";"";""
"21.01.2026";"TG012040";"0,1g";"21,52";"";"";"";"";"";""
"21.01.2026";"TG012040";"0,1g";"21,52";"";"";"";"";"";""
"21.01.2026";"TG012040";"0,1g";"21,52";"";"";"";"";"";""
"21.01.2026";"TG012040";"0,1g";"21,52";"";"";"";"";"";""
"21.01.2026";"TG012040";"0,1g";"21,52";"";"";"";"";"";""
"21.01.2026";"TG012040";"0,1g";"21,52";"";"";"";"";"";""
"21.01.2026";"TG012040";"0,1g";"21,52";"";"";"";"";"";""
"21.01.2026";"TG012040";"0,1g";"21,52";"";"";"";"";"";""
"21.01.2026";"TG012040";"0,1g";"21,52";"";"";"";"";"";""
"21.01.2026";"TG012040";"0,1g";"21,52";"";"";"";"";"";""
"21.01.2026";"TG012040";"0,1g";"21,52";"";"";"";"";"";""
"21.01.2026";"TG012040";"0,1g";"21,52";"";"";"";"";"";""
"21.01.2026";"TG012040";"0,1g";"21,52";"";"";"";"";"";""
"21.01.2026";"TG012040";"0,1g";"21,52";"";"";"";"";"";""
"21.01.2026";"TG012040";"0,1g";"21,52";"";"";"";"";"";""
"21.01.2026";"TG012040";"0,1g";"21,52";"";"";"";"";"";""
"21.01.2026";"TG012040";"0,1g";"21,52";"";"";"";"";"";""
"21.01.2026";"TG012040";"0,1g";"21,52";"";"";"";"";"";""
"21.01.2026";"TG012040";"0,1g";"21,52";"";"";"";"";"";""
"21.01.2026";"TG012040";"0,1g";"21,52";"";"";"";"";"";""
"21.01.2026";"TG012040";"0,1g";"21,52";"";"";"";"";"";""
"21.01.2026";"TG012040";"0,1g";"21,52";"";"";"";"";"";""
"21.01.2026";"TG012040";"0,1g";"21,52";"";"";"";"";"";""
"21.01.2026";"TG012040";"0,1g";"21,52";"";"";"";"";"";""
"21.01.2026";"TG012040";"0,1g";"21,52";"";"";"";"";"";""
"21.01.2026";"TG012040";"0,1g";"21,52";"";"";"";"";"";""
"21.01.2026";"TG012040";"0,1g";"21,52";"";"";"";"";"";""
"21.01.2026";"TG012040";"0,1g";"21,52";"";"";"";"";"";""
"21.01.2026";"TG012040";"0,1g";"21,52";"";"";"";"";"";""
"21.01.2026";"TG012040";"0,1g";"21,52";"";"";"";"";"";""
"21.01.2026";"TG012040";"0,1g";"21,52";"";"";"";"";"";""
"21.01.2026";"TG012040";"0,1g";"21,52";"";"";"";"";"";""
"21.01.2026";"TG012040";"0,1g";"21,52";"";"";"";"";"";""
"21.01.2026";"TG012040";"0,1g";"21,52";"";"";"";"";"";""
"21.01.2026";"TG012040";"0,1g";"21,52";"";"";"";"";"";""
"21.01.2026";"TG012040";"0,1g";"21,52";"";"";"";"";"";""
"21.01.2026";"TG012040";"0,1g";"21,52";"";"";"";"";"";""
"21.01.2026";"TG012040";"0,1g";"21,52";"";"";"";"";"";""
"21.01.2026";"TG012040";"0,1g";"21,52";"";"";"";"";"";""
"21.01.2026";"TG012040";"0,1g";"21,52";"";"";"";"";"";""
"21.01.2026";"TG012040";"0,1g";"21,52";"";"";"";"";"";""
"21.01.2026";"TG012040";"0,1g";"21,52";"";"";"";"";"";""
"21.01.2026";"TG012040";"0,1g";"21,52";"";"";"";"";"";""
"21.01.2026";"TG012040";"0,1g";"21,52";"";"";"";"";"";""
"21.01.2026";"TG012040";"0,1g";"21,52";"";"";"";"";"";""
"21.01.2026";"TG012040";"0,1g";"21,52";"";"";"";"";"";""
"21.01.2026";"TG012040";"0,1g";"21,52";"";"";"";"";"";""
"21.01.2026";"TG012040";"0,1g";"21,52";"";"";"";"";"";""
"21.01.2026";"TG012040";"0,1g";"21,52";"";"";"";"";"";""
"21.01.2026";"TG012040";"0,1g";"21,52";"";"";"";"";"";""
"21.01.2026";"TG012040";"0,1g";"21,52";"";"";"";"";"";""
"21.01.2026";"TG012040";"0,1g";"21,52";"";"";"";"";"";""
"21.01.2026";"TG012040";"0,1g";"21,52";"";"";"";"";"";""
"21.01.2026";"TG012040";"0,1g";"21,52";"";"";"";"";"";""
"21.01.2026";"TG012040";"0,1g";"21,52";"";"";"";"";"";""
"21.01.2026";"TG012040";"0,1g";"21,52";"";"";"";"";"";""
"21.01.2026";"TG012040";"0,1g";"21,52";"";"";"";"";"";""
"21.01.2026";"TG012040";"0,1g";"21,52";"";"";"";"";"";""
"21.01.2026";"TG012040";"0,1g";"21,52";"";"";"";"";"";""
"21.01.2026";"TG012040";"0,1g";"21,52";"";"";"";"";"";""
"21.01.2026";"TG012040";"0,1g";"21,52";"";"21.02.2026";"26,69";"";"5,17";"18531"
"21.01.2026";"TG012040";"0,1g";"21,52";"";"21.02.2026";"26,60";"";"5,08";"18531"
"21.01.2026";"TG012040";"0,1g";"21,52";"";"21.02.2026";"28,90";"";"7,38";"18532"
"21.01.2026";"TG012040";"0,1g";"21,52";"";"18.02.2026";"32,50";"";"10,98";"18518"
"21.01.2026";"TG012040";"0,1g";"21,52";"";"08.02.2026";"33,80";"";"12,28";"18478"
"21.01.2026";"TG012040";"0,1g";"21,52";"";"08.02.2026";"33,80";"";"12,28";"18477"
"21.01.2026";"TG012040";"0,1g";"21,52";"";"03.02.2026";"31,99";"";"10,47";"18470"
"21.01.2026";"TG012040";"0,1g";"21,52";"";"31.01.2026";"34,95";"";"13,43";"18458"
"21.01.2026";"TG012040";"0,1g";"21,52";"";"31.01.2026";"27,00";"";"5,48";"18454"
"21.01.2026";"TG012040";"0,1g";"21,52";"";"31.01.2026";"27,00";"";"5,48";"18453"
"21.01.2026";"TG012039";"0,5g";"72,56";"";"";"";"";"";""
"21.01.2026";"TG012039";"0,5g";"72,56";"";"";"";"";"";""
"21.01.2026";"TG012039";"0,5g";"72,56";"";"";"";"";"";""
"21.01.2026";"TG012039";"0,5g";"72,56";"";"";"";"";"";""
"21.01.2026";"TG012039";"0,5g";"72,56";"";"";"";"";"";""
"21.01.2026";"TG012039";"0,5g";"72,56";"";"";"";"";"";""
"21.01.2026";"TG012039";"0,5g";"72,56";"";"";"";"";"";""
"21.01.2026";"TG012039";"0,5g";"72,56";"";"";"";"";"";""
"21.01.2026";"TG012039";"0,5g";"72,56";"";"";"";"";"";""
"21.01.2026";"TG012039";"0,5g";"72,56";"";"";"";"";"";""
"21.01.2026";"TG012039";"0,5g";"72,56";"";"";"";"";"";""
"21.01.2026";"TG012039";"0,5g";"72,56";"";"";"";"";"";""
"21.01.2026";"TG012039";"0,5g";"72,56";"";"";"";"";"";""
"21.01.2026";"TG012039";"0,5g";"72,56";"";"";"";"";"";""
"21.01.2026";"TG012039";"0,5g";"72,56";"";"";"";"";"";""
"21.01.2026";"TG012039";"0,5g";"72,56";"";"";"";"";"";""
"21.01.2026";"TG012039";"0,5g";"72,56";"";"";"";"";"";""
"21.01.2026";"TG012039";"0,5g";"72,56";"";"";"";"";"";""
"21.01.2026";"TG012039";"0,5g";"72,56";"";"";"";"";"";""
"21.01.2026";"TG012039";"0,5g";"72,56";"";"";"";"";"";""
"21.01.2026";"TG012039";"0,5g";"72,56";"";"";"";"";"";""
"21.01.2026";"TG012039";"0,5g";"72,56";"";"";"";"";"";""
"21.01.2026";"TG012039";"0,5g";"72,56";"";"";"";"";"";""
"21.01.2026";"TG012039";"0,5g";"72,56";"";"";"";"";"";""
"21.01.2026";"TG012039";"0,5g";"72,56";"";"22.02.2026";"94,80";"";"22,24";"18537"
"21.01.2026";"TG012039";"0,5g";"72,56";"";"19.02.2026";"70,00";"";"-2,56";"18523"
"21.01.2026";"TG012039";"0,5g";"72,56";"";"19.02.2026";"70,00";"";"-2,56";"18523"
"21.01.2026";"TG012039";"0,5g";"72,56";"";"19.02.2026";"70,00";"";"-2,56";"18523"
"21.01.2026";"TG012039";"0,5g";"72,56";"";"19.02.2026";"74,00";"";"1,44";"18522"
"21.01.2026";"TG012039";"0,5g";"72,56";"";"19.02.2026";"74,00";"";"1,44";"18522"
"21.01.2026";"TG012039";"0,5g";"72,56";"";"19.02.2026";"74,00";"";"1,44";"18522"
"21.01.2026";"TG012039";"0,5g";"72,56";"";"19.02.2026";"74,00";"";"1,44";"18522"
"21.01.2026";"TG012039";"0,5g";"72,56";"";"19.02.2026";"74,00";"";"1,44";"18522"
"21.01.2026";"TG012039";"0,5g";"72,56";"";"19.02.2026";"74,00";"";"1,44";"18522"
"21.01.2026";"TG012039";"0,5g";"72,56";"";"19.02.2026";"74,00";"";"1,44";"18522"
"21.01.2026";"TG012039";"0,5g";"72,56";"";"19.02.2026";"74,00";"";"1,44";"18522"
"21.01.2026";"TG012039";"0,5g";"72,56";"";"19.02.2026";"74,00";"";"1,44";"18522"
"21.01.2026";"TG012039";"0,5g";"72,56";"";"19.02.2026";"74,00";"";"1,44";"18522"
"21.01.2026";"TG012039";"0,5g";"72,56";"";"18.02.2026";"90,39";"";"17,83";"18519"
"21.01.2026";"TG012039";"0,5g";"72,56";"";"31.01.2026";"75,90";"";"3,34";"18454"
"21.01.2026";"TG012038";"1/50oz";"97,72";"";"";"";"";"";""
"21.01.2026";"TG012038";"1/50oz";"97,72";"";"";"";"";"";""
"21.01.2026";"TG012038";"1/50oz";"97,72";"";"";"";"";"";""
"21.01.2026";"TG012038";"1/50oz";"97,72";"";"";"";"";"";""
"21.01.2026";"TG012038";"1/50oz";"97,72";"";"";"";"";"";""
"21.01.2026";"TG012038";"1/50oz";"97,72";"";"";"";"";"";""
"21.01.2026";"TG012038";"1/50oz";"97,72";"";"";"";"";"";""
"21.01.2026";"TG012038";"1/50oz";"97,72";"";"";"";"";"";""
"21.01.2026";"TG012038";"1/50oz";"97,72";"";"";"";"";"";""
"21.01.2026";"TG012038";"1/50oz";"97,72";"";"";"";"";"";""
"21.01.2026";"TG012038";"1/50oz";"97,72";"";"";"";"";"";""
"21.01.2026";"TG012038";"1/50oz";"97,72";"";"31.01.2026";"106,79";"";"9,07";"18455"
"22.01.2026";"TG012042";"0,5g";"74,44";"";"01.03.2026";"80,00";"Ein erster Test";"5,56";"556677"
"22.01.2026";"TG012042";"0,5g";"74,44";"";"01.03.2026";"75,50";"Noch ein Test mit 2 Artikeln";"1,06";"776655"
"22.01.2026";"TG012042";"0,5g";"74,44";"";"03.03.2026";"82,00";"";"7,56";"9876543"
"22.01.2026";"TG012042";"0,5g";"74,44";"";"";"";"";"";""
"22.01.2026";"TG012042";"0,5g";"74,44";"";"";"";"";"";""
"22.01.2026";"TG012042";"0,5g";"74,44";"";"";"";"";"";""
"22.01.2026";"TG012042";"0,5g";"74,44";"";"";"";"";"";""
"22.01.2026";"TG012042";"0,5g";"74,44";"";"";"";"";"";""
"22.01.2026";"TG012042";"0,5g";"74,44";"";"";"";"";"";""
"22.01.2026";"TG012042";"0,5g";"74,44";"";"";"";"";"";""
"22.01.2026";"TG012042";"0,5g";"74,44";"";"";"";"";"";""
"22.01.2026";"TG012042";"0,5g";"74,44";"";"";"";"";"";""
"22.01.2026";"TG012042";"0,5g";"74,44";"";"";"";"";"";""
"22.01.2026";"TG012042";"0,5g";"74,44";"";"";"";"";"";""
"22.01.2026";"TG012042";"0,5g";"74,44";"";"";"";"";"";""
"22.01.2026";"TG012042";"0,5g";"74,44";"";"";"";"";"";""
"22.01.2026";"TG012042";"0,5g";"74,44";"";"";"";"";"";""
"22.01.2026";"TG012042";"0,5g";"74,44";"";"";"";"";"";""
"22.01.2026";"TG012042";"0,5g";"74,44";"";"29.01.2026";"80,21";"";"5,77";"18448"
"22.01.2026";"TG012042";"0,5g";"74,44";"";"";"";"";"";""
"22.01.2026";"TG012041";"1/100oz";"51,96";"";"";"";"";"";""
"22.01.2026";"TG012041";"1/100oz";"51,96";"";"";"";"";"";""
"22.01.2026";"TG012041";"1/100oz";"51,96";"";"";"";"";"";""
"22.01.2026";"TG012041";"1/100oz";"51,96";"";"";"";"";"";""
"22.01.2026";"TG012041";"1/100oz";"51,96";"";"";"";"";"";""
"22.01.2026";"TG012041";"1/100oz";"51,96";"";"";"";"";"";""
"22.01.2026";"TG012041";"1/100oz";"51,96";"";"";"";"";"";""
"22.01.2026";"TG012041";"1/100oz";"51,96";"";"";"";"";"";""
"22.01.2026";"TG012041";"1/100oz";"51,96";"";"";"";"";"";""
"22.01.2026";"TG012041";"1/100oz";"51,96";"";"";"";"";"";""
"22.01.2026";"TG012041";"1/100oz";"51,96";"";"";"";"";"";""
"22.01.2026";"TG012041";"1/100oz";"51,96";"";"";"";"";"";""
"22.01.2026";"TG012041";"1/100oz";"51,96";"";"";"";"";"";""
"22.01.2026";"TG012041";"1/100oz";"51,96";"";"";"";"";"";""
"22.01.2026";"TG012041";"1/100oz";"51,96";"";"";"";"";"";""
"22.01.2026";"TG012041";"1/100oz";"51,96";"";"";"";"";"";""
"22.01.2026";"TG012041";"1/100oz";"51,96";"";"";"";"";"";""
"22.01.2026";"TG012041";"1/100oz";"51,96";"";"31.01.2026";"74,90";"";"22,94";"18458"
"22.01.2026";"TG012041";"1/100oz";"51,96";"";"31.01.2026";"53,50";"";"1,54";"18454"
"22.01.2026";"TG012041";"1/100oz";"51,96";"";"31.01.2026";"59,00";"";"7,04";"18453"
"24.01.2026";"TG012050";"1oz";"4649,00";"auf Bestellung, vom Kunden kauf Abgebrochen (bevor wir selbst beim Händler bestellt haben).";"24.01.2026";"4649,00";"Hier kein Porto berechnet";"";"18421"
"24.01.2026";"TG012048";"5g";"702,56";"";"16.02.2026";"730,00";"";"27,44";"18510"
"24.01.2026";"TG012047";"1/10oz";"447,27";"";"01.03.2026";"466,98";"TEST TEST TEST";"19,71";"878787"
"24.01.2026";"TG012047";"1/10oz";"447,27";"";"13.02.2026";"447,27";"Entnahmeschein 13";"";""
"24.01.2026";"TG012046";"4x 0,5g";"290,80";"";"21.02.2026";"299,00";"";"8,20";"18533"
"24.01.2026";"TG012045";"1/200oz";"29,32";"";"";"";"";"";""
"24.01.2026";"TG012045";"1/200oz";"29,32";"";"13.02.2026";"29,32";"Entnahmeschein 13";"";""
"24.01.2026";"TG012045";"1/200oz";"29,32";"";"11.02.2026";"33,00";"";"3,68";"18497"
"24.01.2026";"TG012044";"1/100oz";"52,49";"";"01.03.2026";"67,10";"WIE GEHTS DENN SO?";"14,61";"88998899"
"24.01.2026";"TG012043";"1/100oz";"52,29";"";"";"";"";"";""
"24.01.2026";"TG012043";"1/100oz";"52,29";"";"";"";"";"";""
"24.01.2026";"TG012043";"1/100oz";"52,29";"";"";"";"";"";""
"24.01.2026";"TG012043";"1/100oz";"52,29";"";"";"";"";"";""
"24.01.2026";"TG012043";"1/100oz";"52,29";"";"";"";"";"";""
"24.01.2026";"TG012043";"1/100oz";"52,29";"";"";"";"";"";""
"24.01.2026";"TG012043";"1/100oz";"52,29";"";"";"";"";"";""
"24.01.2026";"TG012043";"1/100oz";"52,29";"";"";"";"";"";""
"24.01.2026";"TG012043";"1/100oz";"52,29";"";"";"";"";"";""
"24.01.2026";"TG012043";"1/100oz";"52,29";"";"";"";"";"";""
"24.01.2026";"TG012043";"1/100oz";"52,29";"";"";"";"";"";""
"24.01.2026";"TG012043";"1/100oz";"52,29";"";"";"";"";"";""
"24.01.2026";"TG012043";"1/100oz";"52,29";"";"";"";"";"";""
"26.01.2026";"TG012051";"1oz";"4638,95";"auf Bestellung, vom Kunden kauf Abgebrochen (bevor wir selbst beim Händler bestellt haben).";"26.01.2026";"4638,95";"Hier Porto berechnet (49,95Euro)";"";"18436"
"26.01.2026";"TG012051";"1oz";"4589,00";"auf Bestellung, vom Kunden kauf Abgebrochen (bevor wir selbst beim Händler bestellt haben).";"26.01.2026";"4589,00";"Hier kein Porto berechnet";"";"18436"
"27.01.2026";"TG012061";"5g";"991,80";"auf Bestellung, vom Kunden kauf Abgebrochen (bevor wir selbst beim Händler bestellt haben).";"27.01.2026";"991,80";"Hier Gesamtporto Berechnung aus dieser Bestellung";"";"18440"
"27.01.2026";"TG012060";"2,5g";"412,00";"auf Bestellung, vom Kunden kauf Abgebrochen (bevor wir selbst beim Händler bestellt haben).";"27.01.2026";"412,00";"Hier kein Porto berechnet";"";"18440"
"27.01.2026";"TG012060";"2,5g";"412,00";"auf Bestellung, vom Kunden kauf Abgebrochen (bevor wir selbst beim Händler bestellt haben).";"27.01.2026";"412,00";"Hier kein Porto berechnet";"";"18440"
"27.01.2026";"TG012060";"2,5g";"412,00";"auf Bestellung, vom Kunden kauf Abgebrochen (bevor wir selbst beim Händler bestellt haben).";"27.01.2026";"412,00";"Hier kein Porto berechnet";"";"18440"
"27.01.2026";"TG012060";"2,5g";"412,00";"auf Bestellung, vom Kunden kauf Abgebrochen (bevor wir selbst beim Händler bestellt haben).";"27.01.2026";"412,00";"Hier kein Porto berechnet";"";"18440"
"27.01.2026";"TG012059";"2g";"339,00";"auf Bestellung, vom Kunden kauf Abgebrochen (bevor wir selbst beim Händler bestellt haben).";"27.01.2026";"339,00";"Hier kein Porto berechnet";"";"18440"
"27.01.2026";"TG012058";"1oz";"4649,00";"auf Bestellung, vom Kunden kauf Abgebrochen (bevor wir selbst beim Händler bestellt haben).";"27.01.2026";"4649,00";"Hier kein Porto berechnet";"";"18440"
"27.01.2026";"TG012054";"1g";"146,74";"C. Hafner EK Rechnungsnummer 9259568";"";"";"";"";""
"27.01.2026";"TG012054";"1g";"146,74";"C. Hafner EK Rechnungsnummer 9259568";"";"";"";"";""
"27.01.2026";"TG012054";"1g";"146,74";"C. Hafner EK Rechnungsnummer 9259568";"";"";"";"";""
"27.01.2026";"TG012054";"1g";"146,74";"C. Hafner EK Rechnungsnummer 9259568";"";"";"";"";""
"27.01.2026";"TG012054";"1g";"146,74";"C. Hafner EK Rechnungsnummer 9259568";"";"";"";"";""
"27.01.2026";"TG012054";"1g";"146,74";"C. Hafner EK Rechnungsnummer 9259568";"";"";"";"";""
"27.01.2026";"TG012053";"10g";"1389,75";"C. Hafner EK Rechnungsnummer 9259568";"01.03.2026";"1520,00";"TEST TEST TEST";"130,25";"878787"
"27.01.2026";"TG012053";"10g";"1389,75";"C. Hafner EK Rechnungsnummer 9259568";"";"";"";"";""
"27.01.2026";"TG012053";"10g";"1389,75";"C. Hafner EK Rechnungsnummer 9259568";"";"";"";"";""
"27.01.2026";"TG012053";"10g";"1389,75";"C. Hafner EK Rechnungsnummer 9259568";"28.01.2026";"1470,00";"";"80,25";"18444"
"27.01.2026";"TG012052";"5g";"699,70";"Hafner Rechnungsnummer 92595958";"";"";"";"";""
"27.01.2026";"TG012052";"5g";"699,70";"Hafner Rechnungsnummer 92595958";"";"";"";"";""
"27.01.2026";"TG012052";"5g";"699,70";"Hafner Rechnungsnummer 92595958";"";"";"";"";""
"27.01.2026";"TG012052";"5g";"699,70";"Hafner Rechnungsnummer 92595958";"";"";"";"";""
"27.01.2026";"TG012052";"5g";"699,70";"Hafner Rechnungsnummer 92595958";"27.01.2026";"750,00";"";"50,30";"18438"
"27.01.2026";"TG012052";"5g";"699,70";"Hafner Rechnungsnummer 92595958";"27.01.2026";"750,00";"";"50,30";"18438"
"28.01.2026";"AK000051";"";"105,00";"Ankauf: 1 - mit einem Gold-Anteil von 0,9g";"21.01.2026";"106,38";"Verkauf an die ESG: Vorgangsnummer 563447, Belegnummer 2026-3003080";"1,38";""
"04.02.2026";"TG012056";"1g";"150,83";"C. Hafner Einkaufsrechnungsnummer 92600250, 5Euro EK Porto wurden mitberechnet";"01.03.2026";"178,00";"Ein erster Test";"27,17";"0815007"
"04.02.2026";"TG012056";"1g";"150,83";"C. Hafner Einkaufsrechnungsnummer 92600250, 5Euro EK Porto wurden mitberechnet";"";"";"";"";""
"04.02.2026";"TG012055";"1oz";"4315,42";"C. Hafner Einkaufsrechnungsnummer 92600250, 10Euro EK Porto wurden mitberechnet";"";"";"";"";""
"05.02.2026";"TG012057";"1oz";"4126,91";"";"05.02.2026";"4300,00";"";"173,09";"18472"
